﻿{"groups":[{"Properties":{"highvalue":false,"domain":"VULNDOMAIN.NET","objectsid":"S-1-5-32-545"},"Name":"USERS@VULNDOMAIN.NET","Aces":null,"Members":[{"MemberName":"DOMAIN USERS@VULNDOMAIN.NET","MemberType":"group"},{"MemberName":"AUTHENTICATED USERS@VULNDOMAIN.NET","MemberType":"group"},{"MemberName":"INTERACTIVE@VULNDOMAIN.NET","MemberType":"group"}]},{"Properties":{"highvalue":false,"domain":"VULNDOMAIN.NET","objectsid":"S-1-5-32-546"},"Name":"GUESTS@VULNDOMAIN.NET","Aces":null,"Members":[{"MemberName":"DOMAIN GUESTS@VULNDOMAIN.NET","MemberType":"group"},{"MemberName":"GUEST@VULNDOMAIN.NET","MemberType":"user"}]},{"Properties":{"highvalue":true,"domain":"VULNDOMAIN.NET","objectsid":"S-1-5-32-544"},"Name":"ADMINISTRATORS@VULNDOMAIN.NET","Aces":null,"Members":[{"MemberName":"DOMAIN ADMINS@VULNDOMAIN.NET","MemberType":"group"},{"MemberName":"ENTERPRISE ADMINS@VULNDOMAIN.NET","MemberType":"group"},{"MemberName":"ADMINISTRADOR@VULNDOMAIN.NET","MemberType":"user"},{"MemberName":"ADMINISTRATOR@VULNDOMAIN.NET","MemberType":"user"}]},{"Properties":{"highvalue":false,"domain":"VULNDOMAIN.NET","objectsid":"S-1-5-32-568"},"Name":"IIS_IUSRS@VULNDOMAIN.NET","Aces":null,"Members":[{"MemberName":"THIS ORGANIZATION @VULNDOMAIN.NET","MemberType":"group"}]},{"Properties":{"highvalue":false,"domain":"VULNDOMAIN.NET","objectsid":"S-1-5-21-3015226793-3668433908-1074156722-1000"},"Name":"WINRMREMOTEWMIUSERS__@VULNDOMAIN.NET","Aces":null,"Members":[]},{"Properties":{"highvalue":true,"domain":"VULNDOMAIN.NET","objectsid":"S-1-5-32-551"},"Name":"BACKUP OPERATORS@VULNDOMAIN.NET","Aces":null,"Members":[]},{"Properties":{"highvalue":true,"domain":"VULNDOMAIN.NET","objectsid":"S-1-5-32-550"},"Name":"PRINT OPERATORS@VULNDOMAIN.NET","Aces":null,"Members":[]},{"Properties":{"highvalue":false,"domain":"VULNDOMAIN.NET","objectsid":"S-1-5-32-552"},"Name":"REPLICATORS@VULNDOMAIN.NET","Aces":null,"Members":[]},{"Properties":{"highvalue":false,"domain":"VULNDOMAIN.NET","objectsid":"S-1-5-32-555"},"Name":"REMOTE DESKTOP USERS@VULNDOMAIN.NET","Aces":null,"Members":[]},{"Properties":{"highvalue":false,"domain":"VULNDOMAIN.NET","objectsid":"S-1-5-32-556"},"Name":"NETWORK CONFIGURATION OPERATORS@VULNDOMAIN.NET","Aces":null,"Members":[]},{"Properties":{"highvalue":false,"domain":"VULNDOMAIN.NET","objectsid":"S-1-5-32-559"},"Name":"PERFORMANCE LOG USERS@VULNDOMAIN.NET","Aces":null,"Members":[]},{"Properties":{"highvalue":false,"domain":"VULNDOMAIN.NET","objectsid":"S-1-5-32-558"},"Name":"PERFORMANCE MONITOR USERS@VULNDOMAIN.NET","Aces":null,"Members":[]},{"Properties":{"highvalue":false,"domain":"VULNDOMAIN.NET","objectsid":"S-1-5-32-554"},"Name":"PRE-WINDOWS 2000 COMPATIBLE ACCESS@VULNDOMAIN.NET","Aces":null,"Members":[{"MemberName":"AUTHENTICATED USERS@VULNDOMAIN.NET","MemberType":"group"}]},{"Properties":{"highvalue":false,"domain":"VULNDOMAIN.NET","objectsid":"S-1-5-32-560"},"Name":"WINDOWS AUTHORIZATION ACCESS GROUP@VULNDOMAIN.NET","Aces":null,"Members":[{"MemberName":"ENTERPRISE DOMAIN CONTROLLERS@VULNDOMAIN.NET","MemberType":"group"}]},{"Properties":{"highvalue":false,"domain":"VULNDOMAIN.NET","objectsid":"S-1-5-32-562"},"Name":"DISTRIBUTED COM USERS@VULNDOMAIN.NET","Aces":null,"Members":[]},{"Properties":{"highvalue":false,"domain":"VULNDOMAIN.NET","objectsid":"S-1-5-32-569"},"Name":"CRYPTOGRAPHIC OPERATORS@VULNDOMAIN.NET","Aces":null,"Members":[]},{"Properties":{"highvalue":false,"domain":"VULNDOMAIN.NET","objectsid":"S-1-5-21-3015226793-3668433908-1074156722-572"},"Name":"DENIED RODC PASSWORD REPLICATION GROUP@VULNDOMAIN.NET","Aces":null,"Members":[{"MemberName":"READ-ONLY DOMAIN CONTROLLERS@VULNDOMAIN.NET","MemberType":"group"},{"MemberName":"GROUP POLICY CREATOR OWNERS@VULNDOMAIN.NET","MemberType":"group"},{"MemberName":"DOMAIN ADMINS@VULNDOMAIN.NET","MemberType":"group"},{"MemberName":"CERT PUBLISHERS@VULNDOMAIN.NET","MemberType":"group"},{"MemberName":"ENTERPRISE ADMINS@VULNDOMAIN.NET","MemberType":"group"},{"MemberName":"SCHEMA ADMINS@VULNDOMAIN.NET","MemberType":"group"},{"MemberName":"DOMAIN CONTROLLERS@VULNDOMAIN.NET","MemberType":"group"},{"MemberName":"KRBTGT@VULNDOMAIN.NET","MemberType":"user"}]},{"Properties":{"highvalue":false,"domain":"VULNDOMAIN.NET","objectsid":"S-1-5-32-573"},"Name":"EVENT LOG READERS@VULNDOMAIN.NET","Aces":null,"Members":[]},{"Properties":{"highvalue":false,"domain":"VULNDOMAIN.NET","objectsid":"S-1-5-32-574"},"Name":"CERTIFICATE SERVICE DCOM ACCESS@VULNDOMAIN.NET","Aces":null,"Members":[]},{"Properties":{"highvalue":false,"domain":"VULNDOMAIN.NET","objectsid":"S-1-5-21-3015226793-3668433908-1074156722-517"},"Name":"CERT PUBLISHERS@VULNDOMAIN.NET","Aces":null,"Members":[]},{"Properties":{"highvalue":false,"domain":"VULNDOMAIN.NET","objectsid":"S-1-5-21-3015226793-3668433908-1074156722-518"},"Name":"SCHEMA ADMINS@VULNDOMAIN.NET","Aces":null,"Members":[{"MemberName":"ADMINISTRATOR@VULNDOMAIN.NET","MemberType":"user"}]},{"Properties":{"highvalue":true,"domain":"VULNDOMAIN.NET","objectsid":"S-1-5-21-3015226793-3668433908-1074156722-519"},"Name":"ENTERPRISE ADMINS@VULNDOMAIN.NET","Aces":null,"Members":[{"MemberName":"ADMINISTRATOR@VULNDOMAIN.NET","MemberType":"user"}]},{"Properties":{"highvalue":true,"domain":"VULNDOMAIN.NET","objectsid":"S-1-5-32-549"},"Name":"SERVER OPERATORS@VULNDOMAIN.NET","Aces":null,"Members":[]},{"Properties":{"highvalue":true,"domain":"VULNDOMAIN.NET","objectsid":"S-1-5-21-3015226793-3668433908-1074156722-512"},"Name":"DOMAIN ADMINS@VULNDOMAIN.NET","Aces":null,"Members":[{"MemberName":"IT ADMINS@VULNDOMAIN.NET","MemberType":"group"},{"MemberName":"ADMINISTRADOR@VULNDOMAIN.NET","MemberType":"user"},{"MemberName":"ADMINISTRATOR@VULNDOMAIN.NET","MemberType":"user"}]},{"Properties":{"highvalue":false,"domain":"VULNDOMAIN.NET","objectsid":"S-1-5-21-3015226793-3668433908-1074156722-553"},"Name":"RAS AND IAS SERVERS@VULNDOMAIN.NET","Aces":null,"Members":[]},{"Properties":{"highvalue":true,"domain":"VULNDOMAIN.NET","objectsid":"S-1-5-21-3015226793-3668433908-1074156722-520"},"Name":"GROUP POLICY CREATOR OWNERS@VULNDOMAIN.NET","Aces":null,"Members":[{"MemberName":"ADMINISTRATOR@VULNDOMAIN.NET","MemberType":"user"}]},{"Properties":{"highvalue":true,"domain":"VULNDOMAIN.NET","objectsid":"S-1-5-32-548"},"Name":"ACCOUNT OPERATORS@VULNDOMAIN.NET","Aces":null,"Members":[]},{"Properties":{"highvalue":false,"domain":"VULNDOMAIN.NET","objectsid":"S-1-5-32-557"},"Name":"INCOMING FOREST TRUST BUILDERS@VULNDOMAIN.NET","Aces":null,"Members":[]},{"Properties":{"highvalue":false,"domain":"VULNDOMAIN.NET","objectsid":"S-1-5-32-561"},"Name":"TERMINAL SERVER LICENSE SERVERS@VULNDOMAIN.NET","Aces":null,"Members":[]},{"Properties":{"highvalue":false,"domain":"VULNDOMAIN.NET","objectsid":"S-1-5-21-3015226793-3668433908-1074156722-571"},"Name":"ALLOWED RODC PASSWORD REPLICATION GROUP@VULNDOMAIN.NET","Aces":null,"Members":[]},{"Properties":{"highvalue":false,"domain":"VULNDOMAIN.NET","objectsid":"S-1-5-21-3015226793-3668433908-1074156722-1107"},"Name":"IT SUPPORT@VULNDOMAIN.NET","Aces":null,"Members":[{"MemberName":"ITSUPPORT_USER@VULNDOMAIN.NET","MemberType":"user"}]},{"Properties":{"highvalue":false,"domain":"VULNDOMAIN.NET","objectsid":"S-1-5-21-3015226793-3668433908-1074156722-1104"},"Name":"DNSADMINS@VULNDOMAIN.NET","Aces":null,"Members":[]},{"Properties":{"highvalue":false,"domain":"VULNDOMAIN.NET","objectsid":"S-1-5-21-3015226793-3668433908-1074156722-515"},"Name":"DOMAIN COMPUTERS@VULNDOMAIN.NET","Aces":null,"Members":[]},{"Properties":{"highvalue":true,"domain":"VULNDOMAIN.NET","objectsid":"S-1-5-21-3015226793-3668433908-1074156722-516"},"Name":"DOMAIN CONTROLLERS@VULNDOMAIN.NET","Aces":null,"Members":[]},{"Properties":{"highvalue":false,"domain":"VULNDOMAIN.NET","objectsid":"S-1-5-21-3015226793-3668433908-1074156722-514"},"Name":"DOMAIN GUESTS@VULNDOMAIN.NET","Aces":null,"Members":[]},{"Properties":{"highvalue":false,"domain":"VULNDOMAIN.NET","objectsid":"S-1-5-21-3015226793-3668433908-1074156722-513"},"Name":"DOMAIN USERS@VULNDOMAIN.NET","Aces":null,"Members":[]},{"Properties":{"highvalue":false,"domain":"VULNDOMAIN.NET","objectsid":"S-1-5-21-3015226793-3668433908-1074156722-521"},"Name":"READ-ONLY DOMAIN CONTROLLERS@VULNDOMAIN.NET","Aces":null,"Members":[]},{"Properties":{"highvalue":false,"domain":"VULNDOMAIN.NET","objectsid":"S-1-5-21-3015226793-3668433908-1074156722-498"},"Name":"ENTERPRISE READ-ONLY DOMAIN CONTROLLERS@VULNDOMAIN.NET","Aces":null,"Members":[]},{"Properties":{"highvalue":false,"domain":"VULNDOMAIN.NET","objectsid":"S-1-5-21-3015226793-3668433908-1074156722-1105"},"Name":"DNSUPDATEPROXY@VULNDOMAIN.NET","Aces":null,"Members":[]},{"Properties":{"highvalue":false,"domain":"VULNDOMAIN.NET","objectsid":"S-1-5-21-3015226793-3668433908-1074156722-1109"},"Name":"IT ADMINS@VULNDOMAIN.NET","Aces":null,"Members":[]},{"Properties":{"domain":"vulndomain.net","objectsid":"S-1-5-9","highvalue":true},"Name":"ENTERPRISE DOMAIN CONTROLLERS@VULNDOMAIN.NET","Aces":null,"Members":[{"MemberName":"ACTIVE-DIRECTORY.VULNDOMAIN.NET","MemberType":"computer"}]}],"meta":{"count":41,"type":"groups"}}