﻿{"users":[{"Properties":{"domain":"VULNDOMAIN.NET","objectsid":"S-1-5-21-3015226793-3668433908-1074156722-500","highvalue":false},"Name":"ADMINISTRATOR@VULNDOMAIN.NET","PrimaryGroup":"DOMAIN USERS@VULNDOMAIN.NET","Aces":null,"AllowedToDelegate":null,"SPNTargets":null},{"Properties":{"domain":"VULNDOMAIN.NET","objectsid":"S-1-5-21-3015226793-3668433908-1074156722-502","highvalue":false},"Name":"KRBTGT@VULNDOMAIN.NET","PrimaryGroup":"DOMAIN USERS@VULNDOMAIN.NET","Aces":null,"AllowedToDelegate":null,"SPNTargets":null},{"Properties":{"domain":"VULNDOMAIN.NET","objectsid":"S-1-5-21-3015226793-3668433908-1074156722-1108","highvalue":false},"Name":"ITSUPPORT_USER@VULNDOMAIN.NET","PrimaryGroup":"DOMAIN USERS@VULNDOMAIN.NET","Aces":null,"AllowedToDelegate":null,"SPNTargets":null},{"Properties":{"domain":"VULNDOMAIN.NET","objectsid":"S-1-5-21-3015226793-3668433908-1074156722-1110","highvalue":false},"Name":"ITADMIN_USER@VULNDOMAIN.NET","PrimaryGroup":"DOMAIN USERS@VULNDOMAIN.NET","Aces":null,"AllowedToDelegate":null,"SPNTargets":null},{"Properties":{"domain":"VULNDOMAIN.NET","objectsid":"S-1-5-21-3015226793-3668433908-1074156722-1115","highvalue":false},"Name":"OFFICE_USER@VULNDOMAIN.NET","PrimaryGroup":"DOMAIN USERS@VULNDOMAIN.NET","Aces":null,"AllowedToDelegate":null,"SPNTargets":null},{"Properties":{"domain":"VULNDOMAIN.NET","objectsid":"S-1-5-21-3015226793-3668433908-1074156722-501","highvalue":false},"Name":"GUEST@VULNDOMAIN.NET","PrimaryGroup":"DOMAIN GUESTS@VULNDOMAIN.NET","Aces":null,"AllowedToDelegate":null,"SPNTargets":null},{"Properties":{"domain":"VULNDOMAIN.NET","objectsid":"S-1-5-21-3015226793-3668433908-1074156722-1001","highvalue":false},"Name":"ADMINISTRADOR@VULNDOMAIN.NET","PrimaryGroup":"DOMAIN USERS@VULNDOMAIN.NET","Aces":null,"AllowedToDelegate":null,"SPNTargets":null}],"meta":{"count":7,"type":"users"}}