﻿{"computers":[{"Properties":{"haslaps":false,"objectsid":"S-1-5-21-3015226793-3668433908-1074156722-1113","highvalue":false,"domain":"VULNDOMAIN.NET"},"Name":"DESKTOP-4.VULNDOMAIN.NET","PrimaryGroup":"DOMAIN COMPUTERS@VULNDOMAIN.NET","LocalAdmins":[{"Name":"DOMAIN ADMINS@VULNDOMAIN.NET","Type":"Group"}],"RemoteDesktopUsers":[],"DcomUsers":[],"AllowedToDelegate":null,"AllowedToAct":null,"Aces":null},{"Properties":{"haslaps":false,"objectsid":"S-1-5-21-3015226793-3668433908-1074156722-1111","highvalue":false,"domain":"VULNDOMAIN.NET"},"Name":"DESKTOP-1.VULNDOMAIN.NET","PrimaryGroup":"DOMAIN COMPUTERS@VULNDOMAIN.NET","LocalAdmins":[{"Name":"DOMAIN ADMINS@VULNDOMAIN.NET","Type":"Group"},{"Name":"OFFICE_USER@VULNDOMAIN.NET","Type":"User"}],"RemoteDesktopUsers":[],"DcomUsers":[],"AllowedToDelegate":null,"AllowedToAct":null,"Aces":null},{"Properties":{"haslaps":false,"objectsid":"S-1-5-21-3015226793-3668433908-1074156722-1112","highvalue":false,"domain":"VULNDOMAIN.NET"},"Name":"DESKTOP-2.VULNDOMAIN.NET","PrimaryGroup":"DOMAIN COMPUTERS@VULNDOMAIN.NET","LocalAdmins":[{"Name":"DOMAIN ADMINS@VULNDOMAIN.NET","Type":"Group"}],"RemoteDesktopUsers":[],"DcomUsers":[],"AllowedToDelegate":null,"AllowedToAct":null,"Aces":null},{"Properties":{"haslaps":false,"objectsid":"S-1-5-21-3015226793-3668433908-1074156722-1114","highvalue":false,"domain":"VULNDOMAIN.NET"},"Name":"DESKTOP-3.VULNDOMAIN.NET","PrimaryGroup":"DOMAIN COMPUTERS@VULNDOMAIN.NET","LocalAdmins":[{"Name":"DOMAIN ADMINS@VULNDOMAIN.NET","Type":"Group"}],"RemoteDesktopUsers":[],"DcomUsers":[],"AllowedToDelegate":null,"AllowedToAct":null,"Aces":null},{"Properties":{"haslaps":false,"objectsid":"S-1-5-21-3015226793-3668433908-1074156722-1003","highvalue":false,"domain":"VULNDOMAIN.NET"},"Name":"ACTIVE-DIRECTORY.VULNDOMAIN.NET","PrimaryGroup":"DOMAIN CONTROLLERS@VULNDOMAIN.NET","LocalAdmins":[{"Name":"ADMINISTRATOR@VULNDOMAIN.NET","Type":"User"},{"Name":"ADMINISTRADOR@VULNDOMAIN.NET","Type":"User"},{"Name":"ENTERPRISE ADMINS@VULNDOMAIN.NET","Type":"Group"},{"Name":"DOMAIN ADMINS@VULNDOMAIN.NET","Type":"Group"}],"RemoteDesktopUsers":[],"DcomUsers":[],"AllowedToDelegate":null,"AllowedToAct":null,"Aces":null}],"meta":{"count":5,"type":"computers"}}